input,output,bits
1,A,2
2,C,2
3,G,2
4,T,2
1,AA,4
2,AC,4
3,AG,4
4,AT,4
5,CA,4
6,CC,4
7,CG,4
8,CT,4
9,GA,4
10,GC,4
11,GG,4
12,GT,4
13,TA,4
14,TC,4
15,TG,4
16,TT,4
1,AAA,6
2,AAC,6
3,AAG,6
4,AAT,6
5,ACA,6
6,ACC,6
7,ACG,6
8,ACT,6
9,AGA,6
10,AGC,6
11,AGG,6
12,AGT,6
13,ATA,6
14,ATC,6
15,ATG,6
16,ATT,6
17,CAA,6
18,CAC,6
19,CAG,6
20,CAT,6
21,CCA,6
22,CCC,6
23,CCG,6
24,CCT,6
25,CGA,6
26,CGC,6
27,CGG,6
28,CGT,6
29,CTA,6
30,CTC,6
31,CTG,6
32,CTT,6
33,GAA,6
34,GAC,6
35,GAG,6
36,GAT,6
37,GCA,6
38,GCC,6
39,GCG,6
40,GCT,6
41,GGA,6
42,GGC,6
43,GGG,6
44,GGT,6
45,GTA,6
46,GTC,6
47,GTG,6
48,GTT,6
49,TAA,6
50,TAC,6
51,TAG,6
52,TAT,6
53,TCA,6
54,TCC,6
55,TCG,6
56,TCT,6
57,TGA,6
58,TGC,6
59,TGG,6
60,TGT,6
61,TTA,6
62,TTC,6
63,TTG,6
64,TTT,6